{"lambda_recency": 0.1781501682505012, "lambda_frequency": -0.5678438130011034, "lambda_monetary": -0.19311313785344783}